{
    "Acton": [
        -35.27944,
        149.11944
    ],
    "Ainslie": [
        -35.26278,
        149.14417
    ],
    "Amaroo": [
        -35.17139,
        149.12889
    ],
    "Aranda": [
        -35.25833,
        149.08
    ],
    "Banks": [
        -35.473,
        149.095
    ],
    "Barton": [
        -35.30778,
        149.13444
    ],
    "Beard": [
        -35.3413,
        149.21
    ],
    "Belconnen": [
        -35.237,
        149.065
    ],
    "Bonner": [
        -35.16413,
        149.13322
    ],
    "Bonython": [
        -35.431,
        149.082
    ],
    "Braddon": [
        -35.27194,
        149.13556
    ],
    "Bruce": [
        -35.242,
        149.077
    ],
    "Calwell": [
        -35.438,
        149.11
    ],
    "Campbell": [
        -35.28806,
        149.15389
    ],
    "Chapman": [
        -35.357,
        149.04
    ],
    "Charnwood": [
        -35.2,
        149.037
    ],
    "Chifley": [
        -35.35111,
        149.07778
    ],
    "Chisholm": [
        -35.42417,
        149.1225
    ],
    "City": [
        -35.282,
        149.1286
    ],
    "Conder": [
        -35.458,
        149.097
    ],
    "Cook": [
        -35.25972,
        149.06389
    ],
    "Coombs": [
        -35.3189083,
        149.0448194
    ],
    "Crace": [
        -35.20222,
        149.10639
    ],
    "Curtin": [
        -35.325,
        149.07778
    ],
    "Deakin": [
        -35.316,
        149.107
    ],
    "Denman Prospect": [
        -35.303,
        149.024
    ],
    "Dickson": [
        -35.2525,
        149.13972
    ],
    "Downer": [
        -35.24417,
        149.145
    ],
    "Duffy": [
        -35.337,
        149.035
    ],
    "Dunlop": [
        -35.19556,
        149.02
    ],
    "Evatt": [
        -35.21167,
        149.06778
    ],
    "Fadden": [
        -35.402,
        149.118
    ],
    "Farrer": [
        -35.37673,
        149.105
    ],
    "Fisher": [
        -35.361,
        149.057
    ],
    "Florey": [
        -35.22583,
        149.04944
    ],
    "Flynn": [
        -35.2025,
        149.05028
    ],
    "Forrest": [
        -35.31806,
        149.125
    ],
    "Franklin": [
        -35.2,
        149.1425
    ],
    "Fraser": [
        -35.1925,
        149.05056
    ],
    "Fyshwick": [
        -35.329,
        149.174
    ],
    "Garran": [
        -35.342,
        149.108
    ],
    "Gilmore": [
        -35.421,
        149.133
    ],
    "Giralang": [
        -35.21194,
        149.09722
    ],
    "Gordon": [
        -35.451,
        149.085
    ],
    "Gowrie": [
        -35.412,
        149.11
    ],
    "Greenway": [
        -35.418,
        149.07
    ],
    "Griffith": [
        -35.32472,
        149.13722
    ],
    "Gungahlin": [
        -35.18335,
        149.13185
    ],
    "Hackett": [
        -35.24806,
        149.16278
    ],
    "Hall": [
        -35.16917,
        149.06917
    ],
    "Harrison": [
        -35.1975,
        149.15444
    ],
    "Hawker": [
        -35.244,
        149.038
    ],
    "Higgins": [
        -35.23222,
        149.02722
    ],
    "Holt": [
        -35.22417,
        149.01528
    ],
    "Hughes": [
        -35.333,
        149.094
    ],
    "Hume": [
        -35.387,
        149.17
    ],
    "Isaacs": [
        -35.3675,
        149.11139
    ],
    "Isabella Plains": [
        -35.428,
        149.095
    ],
    "Jacka": [
        -35.152,
        149.128
    ],
    "Kaleen": [
        -35.22028,
        149.1025
    ],
    "Kambah": [
        -35.38624,
        149.05804
    ],
    "Kenny": [
        -35.213,
        149.155
    ],
    "Kingston": [
        -35.31556,
        149.14417
    ],
    "Latham": [
        -35.21722,
        149.03139
    ],
    "Lawson": [
        -35.225,
        149.08806
    ],
    "Lyneham": [
        -35.25,
        149.12917
    ],
    "Lyons": [
        -35.342,
        149.076
    ],
    "Macarthur": [
        -35.40583,
        149.13
    ],
    "Macgregor": [
        -35.21083,
        149.01528
    ],
    "Macnamara": [
        -35.21417,
        148.98278
    ],
    "Macquarie": [
        -35.25083,
        149.06472
    ],
    "McKellar": [
        -35.2175,
        149.07611
    ],
    "Melba": [
        -35.20833,
        149.05417
    ],
    "Mitchell": [
        -35.2192874,
        149.134957
    ],
    "Molonglo": [
        -35.299,
        149.042
    ],
    "Monash": [
        -35.417,
        149.1
    ],
    "Moncrieff": [
        -35.15528,
        149.11389
    ],
    "Narrabundah": [
        -35.3325,
        149.15333
    ],
    "Ngunnawal": [
        -35.17583,
        149.10917
    ],
    "Nicholls": [
        -35.186,
        149.092
    ],
    "Oaks Estate": [
        -35.34028,
        149.22944
    ],
    "Oxley": [
        -35.40952,
        149.0786
    ],
    "O'Connor": [
        -35.25917,
        149.12111
    ],
    "O'Malley": [
        -35.3525,
        149.10861
    ],
    "Page": [
        -35.23833,
        149.04917
    ],
    "Palmerston": [
        -35.19457,
        149.114
    ],
    "Parkes": [
        -35.3,
        149.133
    ],
    "Pearce": [
        -35.362,
        149.085
    ],
    "Phillip": [
        -35.34944,
        149.09028
    ],
    "Pialligo": [
        -35.30639,
        149.18
    ],
    "Red Hill": [
        -35.333,
        149.133
    ],
    "Reid": [
        -35.28333,
        149.14167
    ],
    "Richardson": [
        -35.426,
        149.115
    ],
    "Rivett": [
        -35.348,
        149.038
    ],
    "Russell": [
        -35.29694,
        149.15028
    ],
    "Scullin": [
        -35.23472,
        149.03833
    ],
    "Spence": [
        -35.19889,
        149.06528
    ],
    "Stirling": [
        -35.349,
        149.05
    ],
    "Symonston": [
        -35.34639,
        149.17778
    ],
    "Taylor": [
        -35.149,
        149.102
    ],
    "Theodore": [
        -35.446,
        149.122
    ],
    "Throsby": [
        -35.183,
        149.167
    ],
    "Torrens": [
        -35.37278,
        149.08722
    ],
    "Turner": [
        -35.26861,
        149.12417
    ],
    "Uriarra Village": [
        -35.29528,
        148.92528
    ],
    "Wanniassa": [
        -35.40306,
        149.09722
    ],
    "Waramanga": [
        -35.353,
        149.063
    ],
    "Watson": [
        -35.23833,
        149.15333
    ],
    "Weetangera": [
        -35.25,
        149.049
    ],
    "Weston": [
        -35.338,
        149.059
    ],
    "Whitlam": [
        -35.275,
        149.037
    ],
    "Wright": [
        -35.31694,
        149.03306
    ],
    "Yarralumla": [
        -35.30389,
        149.09833
    ]
}